species,accession,taxid,order,suborder,infraorder,superfamily,family,subfamily
Abia_candens,GCA_964212075.1,362089,Hymenoptera,NaN,NaN,Tenthredinoidea,Cimbicidae,NaN
Acromyrmex_lobicornis,GCA_048181725.1,602163,Hymenoptera,Apocrita,Aculeata,Formicoidea,Formicidae,Myrmicinae
Acromyrmex_octospinosus,GCA_048933045.1,64783,Hymenoptera,Apocrita,Aculeata,Formicoidea,Formicidae,Myrmicinae
Aenasius_arizonensis,GCA_047562435.1,2058190,Hymenoptera,Apocrita,Proctotrupomorpha,Chalcidoidea,Encyrtidae,Tetracneminae
Agapostemon_virescens,GCA_028453745.1,115084,Hymenoptera,Apocrita,Aculeata,Apoidea,Halictidae,Halictinae
Aleiodes_alternator,GCA_963921955.1,144253,Hymenoptera,Apocrita,NaN,Ichneumonoidea,Braconidae,Rogadinae
Aleiodes_leptofemur,GCA_963942555.1,1844523,Hymenoptera,Apocrita,NaN,Ichneumonoidea,Braconidae,Rogadinae
Aleiodes_similis,GCA_965249695.1,144254,Hymenoptera,Apocrita,NaN,Ichneumonoidea,Braconidae,Rogadinae
Aleiodes_testaceus,GCA_963565655.1,422171,Hymenoptera,Apocrita,NaN,Ichneumonoidea,Braconidae,Rogadinae
Alloplasta_piceator,GCA_946863875.1,2870495,Hymenoptera,Apocrita,NaN,Ichneumonoidea,Ichneumonidae,Banchinae
Amblyjoppa_fuscipennis,GCA_963575735.1,2867249,Hymenoptera,Apocrita,NaN,Ichneumonoidea,Ichneumonidae,Ichneumoninae
Amblyjoppa_proteus,GCA_963922035.1,1905387,Hymenoptera,Apocrita,NaN,Ichneumonoidea,Ichneumonidae,Ichneumoninae
Amblyteles_armatorius,GCA_933228735.2,231887,Hymenoptera,Apocrita,NaN,Ichneumonoidea,Ichneumonidae,Ichneumoninae
Ametastegia_equiseti,GCA_963989295.1,655806,Hymenoptera,NaN,NaN,Tenthredinoidea,Tenthredinidae,Allantinae
Ammophila_pubescens,GCA_965247725.1,1088609,Hymenoptera,Apocrita,Aculeata,Apoidea,Sphecidae,Ammophilinae
Ampulex_clypecomplana,GCA_049354905.1,3143112,Hymenoptera,Apocrita,Aculeata,Apoidea,Ampulicidae,NaN
Ancistrocerus_nigricornis,GCA_916049575.1,76990,Hymenoptera,Apocrita,Aculeata,Vespoidea,Vespidae,Eumeninae
Andrena_barbilabris,GCA_965204585.1,586954,Hymenoptera,Apocrita,Aculeata,Apoidea,Andrenidae,Andreninae
Andrena_bicolor,GCA_960531205.1,1190795,Hymenoptera,Apocrita,Aculeata,Apoidea,Andrenidae,Andreninae
Andrena_bucephala,GCA_947577245.1,1542580,Hymenoptera,Apocrita,Aculeata,Apoidea,Andrenidae,Andreninae
Andrena_camellia,GCA_029448645.1,1862692,Hymenoptera,Apocrita,Aculeata,Apoidea,Andrenidae,Andreninae
Andrena_cerasifolii,GCA_050908995.1,2819439,Hymenoptera,Apocrita,Aculeata,Apoidea,Andrenidae,Andreninae
Andrena_chrysosceles,GCA_963855975.1,1411665,Hymenoptera,Apocrita,Aculeata,Apoidea,Andrenidae,Andreninae
Andrena_clarkella,GCA_965620515.1,1190796,Hymenoptera,Apocrita,Aculeata,Apoidea,Andrenidae,Andreninae
Andrena_dorsata,GCA_929108735.1,1411666,Hymenoptera,Apocrita,Aculeata,Apoidea,Andrenidae,Andreninae
Andrena_flavipes,GCA_963971345.1,473392,Hymenoptera,Apocrita,Aculeata,Apoidea,Andrenidae,Andreninae
Andrena_fulva,GCA_946251845.1,1411667,Hymenoptera,Apocrita,Aculeata,Apoidea,Andrenidae,Andreninae
Andrena_haemorrhoa,GCA_910592295.1,444401,Hymenoptera,Apocrita,Aculeata,Apoidea,Andrenidae,Andreninae
Andrena_hattorfiana,GCA_944738655.2,1126402,Hymenoptera,Apocrita,Aculeata,Apoidea,Andrenidae,Andreninae
Andrena_helvola,GCA_964234935.1,1190801,Hymenoptera,Apocrita,Aculeata,Apoidea,Andrenidae,Andreninae
Andrena_marginata,GCA_963932335.1,1542598,Hymenoptera,Apocrita,Aculeata,Apoidea,Andrenidae,Andreninae
Andrena_minutula,GCA_929113495.1,1190802,Hymenoptera,Apocrita,Aculeata,Apoidea,Andrenidae,Andreninae
Andrena_nitida,GCA_964214045.1,1126404,Hymenoptera,Apocrita,Aculeata,Apoidea,Andrenidae,Andreninae
Andrena_praecox,GCA_963932275.1,1190803,Hymenoptera,Apocrita,Aculeata,Apoidea,Andrenidae,Andreninae
Andrena_trimmerana,GCA_951215215.1,1431430,Hymenoptera,Apocrita,Aculeata,Apoidea,Andrenidae,Andreninae
Anoplius_nigerrimus,GCA_914767735.1,1667466,Hymenoptera,Apocrita,Aculeata,Pompiloidea,Pompilidae,Pompilinae
Anoplolepis_gracilipes,GCA_047496725.1,354296,Hymenoptera,Apocrita,Aculeata,Formicoidea,Formicidae,Formicinae
Anthidium_xuezhongi,GCA_022405125.1,2840466,Hymenoptera,Apocrita,Aculeata,Apoidea,Megachilidae,Megachilinae
Apaeleticus_inimicus,GCA_965197045.1,2979194,Hymenoptera,Apocrita,NaN,Ichneumonoidea,Ichneumonidae,Ichneumoninae
Aphaenogaster_subterranea,GCA_048181805.1,165431,Hymenoptera,Apocrita,Aculeata,Formicoidea,Formicidae,Myrmicinae
Aphelinus_atriplicis,GCA_020882685.1,2890793,Hymenoptera,Apocrita,Proctotrupomorpha,Chalcidoidea,Aphelinidae,Aphelininae
Aphelinus_certus,GCA_020882725.1,1041456,Hymenoptera,Apocrita,Proctotrupomorpha,Chalcidoidea,Aphelinidae,Aphelininae
Aphidius_gifuensis,GCA_014905175.1,684658,Hymenoptera,Apocrita,NaN,Ichneumonoidea,Braconidae,Aphidiinae
Apis_cerana,GCA_029169275.1,7461,Hymenoptera,Apocrita,Aculeata,Apoidea,Apidae,Apinae
Apis_mellifera,GCA_003254395.2,7460,Hymenoptera,Apocrita,Aculeata,Apoidea,Apidae,Apinae
Arge_ochropus,GCA_965113185.1,1384776,Hymenoptera,NaN,NaN,Tenthredinoidea,Argidae,NaN
Arge_pagana,GCA_963969455.1,1384777,Hymenoptera,NaN,NaN,Tenthredinoidea,Argidae,NaN
Asobara_japonica,GCA_049862395.1,554476,Hymenoptera,Apocrita,NaN,Ichneumonoidea,Braconidae,Alysiinae
Athalia_circularis,GCA_963978495.1,362093,Hymenoptera,NaN,NaN,Tenthredinoidea,Athaliidae,NaN
Athalia_cordata,GCA_963932425.1,1170485,Hymenoptera,NaN,NaN,Tenthredinoidea,Athaliidae,NaN
Athalia_rosae,GCA_917208135.1,37344,Hymenoptera,NaN,NaN,Tenthredinoidea,Athaliidae,NaN
Augochlora_pura,GCA_028453695.1,115077,Hymenoptera,Apocrita,Aculeata,Apoidea,Halictidae,Halictinae
Augochlorella_aurata,GCA_028455555.1,586896,Hymenoptera,Apocrita,Aculeata,Apoidea,Halictidae,Halictinae
Baryscapus_dioryctriae,GCA_040869075.1,2980436,Hymenoptera,Apocrita,Proctotrupomorpha,Chalcidoidea,Eulophidae,Tetrastichinae
Belonocnema_kinseyi,GCA_010883055.1,2817044,Hymenoptera,Apocrita,Proctotrupomorpha,Cynipoidea,Cynipidae,Cynipinae
Bombus_affinis,GCA_024516045.2,309941,Hymenoptera,Apocrita,Aculeata,Apoidea,Apidae,Apinae
Bombus_bimaculatus,GCA_050437405.1,309944,Hymenoptera,Apocrita,Aculeata,Apoidea,Apidae,Apinae
Bombus_breviceps,GCA_014825925.1,395515,Hymenoptera,Apocrita,Aculeata,Apoidea,Apidae,Apinae
Bombus_campestris,GCA_905333015.3,207624,Hymenoptera,Apocrita,Aculeata,Apoidea,Apidae,Apinae
Bombus_dahlbomii,GCA_037178635.1,85658,Hymenoptera,Apocrita,Aculeata,Apoidea,Apidae,Apinae
Bombus_fervidus,GCA_041682495.2,203811,Hymenoptera,Apocrita,Aculeata,Apoidea,Apidae,Apinae
Bombus_flavifrons,GCA_040668555.2,103934,Hymenoptera,Apocrita,Aculeata,Apoidea,Apidae,Apinae
Bombus_griseocollis,GCA_050437465.1,207634,Hymenoptera,Apocrita,Aculeata,Apoidea,Apidae,Apinae
Bombus_haemorrhoidalis,GCA_014825975.1,207636,Hymenoptera,Apocrita,Aculeata,Apoidea,Apidae,Apinae
Bombus_hortorum,GCA_905332935.1,85660,Hymenoptera,Apocrita,Aculeata,Apoidea,Apidae,Apinae
Bombus_huntii,GCA_024542735.1,85661,Hymenoptera,Apocrita,Aculeata,Apoidea,Apidae,Apinae
Bombus_hypnorum,GCA_911387925.2,30191,Hymenoptera,Apocrita,Aculeata,Apoidea,Apidae,Apinae
Bombus_ignitus,GCA_014825875.1,130704,Hymenoptera,Apocrita,Aculeata,Apoidea,Apidae,Apinae
Bombus_jonellus,GCA_964197665.1,85663,Hymenoptera,Apocrita,Aculeata,Apoidea,Apidae,Apinae
Bombus_lapidarius,GCA_964186655.1,30192,Hymenoptera,Apocrita,Aculeata,Apoidea,Apidae,Apinae
Bombus_lucorum,GCA_965261305.1,30193,Hymenoptera,Apocrita,Aculeata,Apoidea,Apidae,Apinae
Bombus_monticola,GCA_965178685.1,103936,Hymenoptera,Apocrita,Aculeata,Apoidea,Apidae,Apinae
Bombus_muscorum,GCA_963971185.1,203813,Hymenoptera,Apocrita,Aculeata,Apoidea,Apidae,Apinae
Bombus_opulentus,GCA_034509555.1,2024865,Hymenoptera,Apocrita,Aculeata,Apoidea,Apidae,Apinae
Bombus_pascuorum,GCA_905332965.1,65598,Hymenoptera,Apocrita,Aculeata,Apoidea,Apidae,Apinae
Bombus_pauloensis,GCA_051167325.1,1196864,Hymenoptera,Apocrita,Aculeata,Apoidea,Apidae,Apinae
Bombus_pratorum,GCA_930367275.1,30194,Hymenoptera,Apocrita,Aculeata,Apoidea,Apidae,Apinae
Bombus_pullatus,GCA_051167345.1,85668,Hymenoptera,Apocrita,Aculeata,Apoidea,Apidae,Apinae
Bombus_pyrosoma,GCA_014825855.1,396416,Hymenoptera,Apocrita,Aculeata,Apoidea,Apidae,Apinae
Bombus_rufofasciatus,GCA_040285845.1,309971,Hymenoptera,Apocrita,Aculeata,Apoidea,Apidae,Apinae
Bombus_sylvestris,GCA_911622165.2,30201,Hymenoptera,Apocrita,Aculeata,Apoidea,Apidae,Apinae
Bombus_terrestris,GCA_910591885.2,30195,Hymenoptera,Apocrita,Aculeata,Apoidea,Apidae,Apinae
Bombus_turneri,GCA_014825825.1,686820,Hymenoptera,Apocrita,Aculeata,Apoidea,Apidae,Apinae
Bombus_vestalis,GCA_963556215.1,30202,Hymenoptera,Apocrita,Aculeata,Apoidea,Apidae,Apinae
Buathra_laborator,GCA_934046635.1,1419289,Hymenoptera,Apocrita,NaN,Ichneumonoidea,Ichneumonidae,Cryptinae
Campoletis_raptor,GCA_948107755.1,2922060,Hymenoptera,Apocrita,NaN,Ichneumonoidea,Ichneumonidae,Campopleginae
Camponotus_fellah,GCA_048181845.1,213863,Hymenoptera,Apocrita,Aculeata,Formicoidea,Formicidae,Formicinae
Cardiocondyla_obscurior,GCA_019399895.2,286306,Hymenoptera,Apocrita,Aculeata,Formicoidea,Formicidae,Myrmicinae
Cataglyphis_hispanica,GCA_021464435.1,1086592,Hymenoptera,Apocrita,Aculeata,Formicoidea,Formicidae,Formicinae
Cataglyphis_niger,GCA_050437125.1,72791,Hymenoptera,Apocrita,Aculeata,Formicoidea,Formicidae,Formicinae
Cephus_spinipes,GCA_963971525.1,1001278,Hymenoptera,NaN,NaN,Cephoidea,Cephidae,NaN
Cerceris_ruficornis,GCA_963989415.1,2494881,Hymenoptera,Apocrita,Aculeata,Apoidea,Crabronidae,Philanthinae
Cerceris_rybyensis,GCA_910591515.1,1167272,Hymenoptera,Apocrita,Aculeata,Apoidea,Crabronidae,Philanthinae
Chalcis_sispes,GCA_949987625.1,1118640,Hymenoptera,Apocrita,Proctotrupomorpha,Chalcidoidea,Chalcididae,Chalcidinae
Chelonus_formosanus,GCA_028641665.1,2739011,Hymenoptera,Apocrita,NaN,Ichneumonoidea,Braconidae,Cheloninae
Clistopyga_incitator,GCA_947507545.1,494138,Hymenoptera,Apocrita,NaN,Ichneumonoidea,Ichneumonidae,Pimplinae
Coelioxys_conoideus,GCA_947623535.1,2922063,Hymenoptera,Apocrita,Aculeata,Apoidea,Megachilidae,Megachilinae
Colletes_latitarsis,GCA_051014445.1,2605962,Hymenoptera,Apocrita,Aculeata,Apoidea,Colletidae,Colletinae
Cotesia_glomerata,GCA_020080835.1,32391,Hymenoptera,Apocrita,NaN,Ichneumonoidea,Braconidae,Microgastrinae
Cotesia_ruficrus,GCA_048537615.1,89806,Hymenoptera,Apocrita,NaN,Ichneumonoidea,Braconidae,Microgastrinae
Crossocerus_cetratus,GCA_963675795.1,2494894,Hymenoptera,Apocrita,Aculeata,Apoidea,Crabronidae,Crabroninae
Cryptus_armator,GCA_963971235.1,494149,Hymenoptera,Apocrita,NaN,Ichneumonoidea,Ichneumonidae,Cryptinae
Cryptus_viduatorius,GCA_964006125.1,273764,Hymenoptera,Apocrita,NaN,Ichneumonoidea,Ichneumonidae,Cryptinae
Cylloceria_caligata,GCA_963942595.1,2881813,Hymenoptera,Apocrita,NaN,Ichneumonoidea,Ichneumonidae,Cylloceriinae
Diachasmimorpha_longicaudata,GCA_034640455.1,58733,Hymenoptera,Apocrita,NaN,Ichneumonoidea,Braconidae,Opiinae
Diadegma_fenestrale,GCA_037043255.1,310001,Hymenoptera,Apocrita,NaN,Ichneumonoidea,Ichneumonidae,Campopleginae
Dinocampus_coccinellae,GCA_963920625.1,144245,Hymenoptera,Apocrita,NaN,Ichneumonoidea,Braconidae,Euphorinae
Diplazon_laetatorius,GCA_963662125.1,65311,Hymenoptera,Apocrita,NaN,Ichneumonoidea,Ichneumonidae,Diplazontinae
Diprion_similis,GCA_021155765.1,362088,Hymenoptera,NaN,NaN,Tenthredinoidea,Diprionidae,Diprioninae
Dolichomitus_mesocentrus,GCA_964273575.1,2881873,Hymenoptera,Apocrita,NaN,Ichneumonoidea,Ichneumonidae,Pimplinae
Dolichovespula_media,GCA_911387685.1,881891,Hymenoptera,Apocrita,Aculeata,Vespoidea,Vespidae,Vespinae
Dolichovespula_saxonica,GCA_911387935.1,85443,Hymenoptera,Apocrita,Aculeata,Vespoidea,Vespidae,Vespinae
Dolichovespula_sylvestris,GCA_918808275.2,85444,Hymenoptera,Apocrita,Aculeata,Vespoidea,Vespidae,Vespinae
Dryocosmus_kuriphilus,GCA_038277395.1,310278,Hymenoptera,Apocrita,Proctotrupomorpha,Cynipoidea,Cynipidae,Cynipinae
Dyspetes_luteomarginatus,GCA_963669185.1,1045598,Hymenoptera,Apocrita,NaN,Ichneumonoidea,Ichneumonidae,Tryphoninae
Ectemnius_cavifrons,GCA_964023945.1,1518028,Hymenoptera,Apocrita,Aculeata,Apoidea,Crabronidae,Crabroninae
Ectemnius_continuus,GCA_910591665.1,1126389,Hymenoptera,Apocrita,Aculeata,Apoidea,Crabronidae,Crabroninae
Ectemnius_lituratus,GCA_910593735.2,2495015,Hymenoptera,Apocrita,Aculeata,Apoidea,Crabronidae,Crabroninae
Encarsia_formosa,GCA_038277355.1,32400,Hymenoptera,Apocrita,Proctotrupomorpha,Chalcidoidea,Aphelinidae,Coccophaginae
Encarsia_sophia,GCA_041053325.1,121815,Hymenoptera,Apocrita,Proctotrupomorpha,Chalcidoidea,Aphelinidae,Coccophaginae
Ephialtes_manifestator,GCA_963970395.1,65333,Hymenoptera,Apocrita,NaN,Ichneumonoidea,Ichneumonidae,Pimplinae
Eremotylus_marginatus,GCA_965218635.1,2998532,Hymenoptera,Apocrita,NaN,Ichneumonoidea,Ichneumonidae,Ophioninae
Eretmocerus_hayati,GCA_029851415.1,131215,Hymenoptera,Apocrita,Proctotrupomorpha,Chalcidoidea,Aphelinidae,Aphelininae
Eutomostethus_luteiventris,GCA_964662225.1,1385253,Hymenoptera,NaN,NaN,Tenthredinoidea,Tenthredinidae,Blennocampinae
Exephanes_ischioxanthus,GCA_958510785.1,2884240,Hymenoptera,Apocrita,NaN,Ichneumonoidea,Ichneumonidae,Ichneumoninae
Formica_rufa,GCA_964276525.1,258706,Hymenoptera,Apocrita,Aculeata,Formicoidea,Formicidae,Formicinae
Formica_selysi,GCA_009859135.1,208979,Hymenoptera,Apocrita,Aculeata,Formicoidea,Formicidae,Formicinae
Gasteruption_jaculator,GCA_949825005.1,2718756,Hymenoptera,Apocrita,NaN,Evanioidea,Gasteruptiidae,NaN
Gastracanthus_pulcherrimus,GCA_949152435.1,2922068,Hymenoptera,Apocrita,Proctotrupomorpha,Chalcidoidea,Pteromalidae,Pteromalinae
Gelis_areator,GCA_964059375.1,2163653,Hymenoptera,Apocrita,NaN,Ichneumonoidea,Ichneumonidae,Phygadeuontinae
Halictus_ligatus,GCA_028454255.1,77576,Hymenoptera,Apocrita,Aculeata,Apoidea,Halictidae,Halictinae
Halictus_quadricinctus,GCA_028454245.1,115107,Hymenoptera,Apocrita,Aculeata,Apoidea,Halictidae,Halictinae
Halictus_rubicundus,GCA_050948215.1,77578,Hymenoptera,Apocrita,Aculeata,Apoidea,Halictidae,Halictinae
Hedychridium_roseum,GCA_963989215.1,212591,Hymenoptera,Apocrita,Aculeata,Chrysidoidea,Chrysididae,Chrysidinae
Heteropelma_amictum,GCA_959613375.1,494771,Hymenoptera,Apocrita,NaN,Ichneumonoidea,Ichneumonidae,Anomaloninae
Hylaeus_volcanicus,GCA_026283585.1,313075,Hymenoptera,Apocrita,Aculeata,Apoidea,Colletidae,Hylaeinae
Hyposoter_dolosus,GCA_963921915.1,2884228,Hymenoptera,Apocrita,NaN,Ichneumonoidea,Ichneumonidae,Campopleginae
Ichneumon_xanthorius,GCA_917499995.1,2795680,Hymenoptera,Apocrita,NaN,Ichneumonoidea,Ichneumonidae,Ichneumoninae
Ischnus_inquisitorius,GCA_963924025.1,904094,Hymenoptera,Apocrita,NaN,Ichneumonoidea,Ichneumonidae,Cryptinae
Itoplectis_maculator,GCA_964034905.1,2776046,Hymenoptera,Apocrita,NaN,Ichneumonoidea,Ichneumonidae,Pimplinae
Lasioglossum_baleicum,GCA_051020765.1,434251,Hymenoptera,Apocrita,Aculeata,Apoidea,Halictidae,Halictinae
Lasioglossum_calceatum,GCA_963966675.1,88504,Hymenoptera,Apocrita,Aculeata,Apoidea,Halictidae,Halictinae
Lasioglossum_figueresi,GCA_028455805.1,160208,Hymenoptera,Apocrita,Aculeata,Apoidea,Halictidae,Halictinae
Lasioglossum_lativentre,GCA_916610255.1,88531,Hymenoptera,Apocrita,Aculeata,Apoidea,Halictidae,Halictinae
Lasioglossum_leucozonium,GCA_965262445.1,88532,Hymenoptera,Apocrita,Aculeata,Apoidea,Halictidae,Halictinae
Lasioglossum_malachurum,GCA_028455605.1,88512,Hymenoptera,Apocrita,Aculeata,Apoidea,Halictidae,Halictinae
Lasioglossum_marginatum,GCA_028455795.1,88513,Hymenoptera,Apocrita,Aculeata,Apoidea,Halictidae,Halictinae
Lasioglossum_morio,GCA_916610235.2,88514,Hymenoptera,Apocrita,Aculeata,Apoidea,Halictidae,Halictinae
Lasioglossum_oenotherae,GCA_028455765.1,88542,Hymenoptera,Apocrita,Aculeata,Apoidea,Halictidae,Halictinae
Lasioglossum_pauxillum,GCA_933228785.1,88516,Hymenoptera,Apocrita,Aculeata,Apoidea,Halictidae,Halictinae
Lasioglossum_vierecki,GCA_028455595.1,88499,Hymenoptera,Apocrita,Aculeata,Apoidea,Halictidae,Halictinae
Lasioglossum_villosulum,GCA_963971365.1,88523,Hymenoptera,Apocrita,Aculeata,Apoidea,Halictidae,Halictinae
Lasioglossum_zephyrum,GCA_028455615.1,88500,Hymenoptera,Apocrita,Aculeata,Apoidea,Halictidae,Halictinae
Lasius_brunneus,GCA_964261615.1,231984,Hymenoptera,Apocrita,Aculeata,Formicoidea,Formicidae,Formicinae
Lasius_flavus,GCA_048181785.1,67763,Hymenoptera,Apocrita,Aculeata,Formicoidea,Formicidae,Formicinae
Lasius_niger,GCA_041902855.1,67767,Hymenoptera,Apocrita,Aculeata,Formicoidea,Formicidae,Formicinae
Lasius_platythorax,GCA_963971435.1,488582,Hymenoptera,Apocrita,Aculeata,Formicoidea,Formicidae,Formicinae
Leptopilina_drosophilae,GCA_032873175.1,2911658,Hymenoptera,Apocrita,Proctotrupomorpha,Cynipoidea,Figitidae,Eucoilinae
Leptopilina_syphax,GCA_032872505.1,2755057,Hymenoptera,Apocrita,Proctotrupomorpha,Cynipoidea,Figitidae,Eucoilinae
Lestiphorus_bicinctus,GCA_964264825.1,2578561,Hymenoptera,Apocrita,Aculeata,Apoidea,Crabronidae,Bembicinae
Linepithema_humile,GCA_040581485.1,83485,Hymenoptera,Apocrita,Aculeata,Formicoidea,Formicidae,Dolichoderinae
Listrodromus_nycthemerus,GCA_963978505.1,172425,Hymenoptera,Apocrita,NaN,Ichneumonoidea,Ichneumonidae,Ichneumoninae
Macrocentrus_cingulum,GCA_045786645.1,535359,Hymenoptera,Apocrita,NaN,Ichneumonoidea,Braconidae,Macrocentrinae
Macrophya_alboannulata,GCA_949628255.1,1384894,Hymenoptera,NaN,NaN,Tenthredinoidea,Tenthredinidae,Tenthredininae
Macrophya_annulata,GCA_963924015.1,1384895,Hymenoptera,NaN,NaN,Tenthredinoidea,Tenthredinidae,Tenthredininae
Macropis_europaea,GCA_916610135.2,253715,Hymenoptera,Apocrita,Aculeata,Apoidea,Melittidae,Melittinae
Megachile_lagopoda,GCA_036983795.1,1618191,Hymenoptera,Apocrita,Aculeata,Apoidea,Megachilidae,Megachilinae
Megachile_leachella,GCA_963576845.1,1542539,Hymenoptera,Apocrita,Aculeata,Apoidea,Megachilidae,Megachilinae
Megachile_ligniseca,GCA_945859555.1,1542540,Hymenoptera,Apocrita,Aculeata,Apoidea,Megachilidae,Megachilinae
Megachile_sculpturalis,GCA_046254535.1,1004196,Hymenoptera,Apocrita,Aculeata,Apoidea,Megachilidae,Megachilinae
Megachile_willughbiella,GCA_945859595.2,481575,Hymenoptera,Apocrita,Aculeata,Apoidea,Megachilidae,Megachilinae
Messor_barbarus,GCA_048181735.1,87890,Hymenoptera,Apocrita,Aculeata,Formicoidea,Formicidae,Myrmicinae
Meteorus_pulchricornis,GCA_041937225.1,51522,Hymenoptera,Apocrita,NaN,Ichneumonoidea,Braconidae,Meteorinae
Microctonus_brassicae,GCA_918226075.1,2738948,Hymenoptera,Apocrita,NaN,Ichneumonoidea,Braconidae,Euphorinae
Microplitis_demolitor,GCA_026212275.2,69319,Hymenoptera,Apocrita,NaN,Ichneumonoidea,Braconidae,Microgastrinae
Microplitis_deprimator,GCA_964016945.1,2964682,Hymenoptera,Apocrita,NaN,Ichneumonoidea,Braconidae,Microgastrinae
Microplitis_manilae,GCA_030273425.1,1427173,Hymenoptera,Apocrita,NaN,Ichneumonoidea,Braconidae,Microgastrinae
Microplitis_mediator,GCA_029852145.1,375433,Hymenoptera,Apocrita,NaN,Ichneumonoidea,Braconidae,Microgastrinae
Mimumesa_dahlbomi,GCA_917499265.3,2495085,Hymenoptera,Apocrita,Aculeata,Apoidea,Crabronidae,Pemphredoninae
Monomorium_pharaonis,GCA_013373865.2,307658,Hymenoptera,Apocrita,Aculeata,Formicoidea,Formicidae,Myrmicinae
Muscidifurax_raptorellus,GCA_020010945.3,51938,Hymenoptera,Apocrita,Proctotrupomorpha,Chalcidoidea,Pteromalidae,Pteromalinae
Myrmica_angulata,GCA_046605635.1,297322,Hymenoptera,Apocrita,Aculeata,Formicoidea,Formicidae,Myrmicinae
Nasonia_vitripennis,GCA_009193385.2,7425,Hymenoptera,Apocrita,Proctotrupomorpha,Chalcidoidea,Pteromalidae,Pteromalinae
Neodiprion_fabricii,GCA_021155785.1,2872261,Hymenoptera,NaN,NaN,Tenthredinoidea,Diprionidae,Diprioninae
Neodiprion_lecontei,GCA_021901455.1,441921,Hymenoptera,NaN,NaN,Tenthredinoidea,Diprionidae,Diprioninae
Neodiprion_pinetum,GCA_021155775.2,441929,Hymenoptera,NaN,NaN,Tenthredinoidea,Diprionidae,Diprioninae
Neodiprion_virginianus,GCA_021901495.1,2961670,Hymenoptera,NaN,NaN,Tenthredinoidea,Diprionidae,Diprioninae
Netelia_fuscicornis,GCA_946811545.1,2803881,Hymenoptera,Apocrita,NaN,Ichneumonoidea,Ichneumonidae,Tryphoninae
Netelia_melanura,GCA_964007305.1,2922079,Hymenoptera,Apocrita,NaN,Ichneumonoidea,Ichneumonidae,Tryphoninae
Netelia_thomsonii,GCA_964017225.1,2884248,Hymenoptera,Apocrita,NaN,Ichneumonoidea,Ichneumonidae,Tryphoninae
Netelia_virgata,GCA_951802705.1,494743,Hymenoptera,Apocrita,NaN,Ichneumonoidea,Ichneumonidae,Tryphoninae
Nomada_fabriciana,GCA_907165295.1,601510,Hymenoptera,Apocrita,Aculeata,Apoidea,Apidae,Nomadinae
Nomada_ferruginata,GCA_963583965.1,601518,Hymenoptera,Apocrita,Aculeata,Apoidea,Apidae,Nomadinae
Nomada_flava,GCA_951802745.1,601523,Hymenoptera,Apocrita,Aculeata,Apoidea,Apidae,Nomadinae
Nomada_fucata,GCA_948146005.1,481570,Hymenoptera,Apocrita,Aculeata,Apoidea,Apidae,Nomadinae
Nomada_goodeniana,GCA_963969485.1,544954,Hymenoptera,Apocrita,Aculeata,Apoidea,Apidae,Nomadinae
Nomada_hirtipes,GCA_951802735.1,601583,Hymenoptera,Apocrita,Aculeata,Apoidea,Apidae,Nomadinae
Nomada_lathburiana,GCA_963667235.1,601640,Hymenoptera,Apocrita,Aculeata,Apoidea,Apidae,Nomadinae
Nomada_panzeri,GCA_951802685.1,601768,Hymenoptera,Apocrita,Aculeata,Apoidea,Apidae,Nomadinae
Nomada_ruficornis,GCA_951802695.1,601849,Hymenoptera,Apocrita,Aculeata,Apoidea,Apidae,Nomadinae
Nysson_spinosus,GCA_910591585.2,2495127,Hymenoptera,Apocrita,Aculeata,Apoidea,Crabronidae,Bembicinae
Ooceraea_biroi,GCA_003672135.1,2015173,Hymenoptera,Apocrita,Aculeata,Formicoidea,Formicidae,Dorylinae
Ophion_costatus,GCA_951751655.1,495356,Hymenoptera,Apocrita,NaN,Ichneumonoidea,Ichneumonidae,Ophioninae
Ophion_ellenae,GCA_963210295.1,2884234,Hymenoptera,Apocrita,NaN,Ichneumonoidea,Ichneumonidae,Ophioninae
Ophion_obscuratus,GCA_964007375.1,65147,Hymenoptera,Apocrita,NaN,Ichneumonoidea,Ichneumonidae,Ophioninae
Ophion_slaviceki,GCA_944452715.1,2979155,Hymenoptera,Apocrita,NaN,Ichneumonoidea,Ichneumonidae,Ophioninae
Ophion_ventricosus,GCA_963932345.1,65146,Hymenoptera,Apocrita,NaN,Ichneumonoidea,Ichneumonidae,Ophioninae
Ophion_wuestneii,GCA_965637035.1,2979161,Hymenoptera,Apocrita,NaN,Ichneumonoidea,Ichneumonidae,Ophioninae
Osmia_bicornis_bicornis,GCA_907164935.1,1437191,Hymenoptera,Apocrita,Aculeata,Apoidea,Megachilidae,Megachilinae
Osmia_excavata,GCA_047301615.1,124290,Hymenoptera,Apocrita,Aculeata,Apoidea,Megachilidae,Megachilinae
Oxytorus_armatus,GCA_958009045.1,495374,Hymenoptera,Apocrita,NaN,Ichneumonoidea,Ichneumonidae,Oxytorinae
Paraperithous_gnathaulax,GCA_964237415.1,2776077,Hymenoptera,Apocrita,NaN,Ichneumonoidea,Ichneumonidae,Pimplinae
Pegoscapus_hoffmeyeri,GCA_051314065.1,150925,Hymenoptera,Apocrita,Proctotrupomorpha,Chalcidoidea,Agaonidae,Agaoninae
Pemphredon_lugubris,GCA_933228935.1,2495172,Hymenoptera,Apocrita,Aculeata,Apoidea,Crabronidae,Pemphredoninae
Perithous_albicinctus,GCA_964016905.1,2998544,Hymenoptera,Apocrita,NaN,Ichneumonoidea,Ichneumonidae,Pimplinae
Philanthus_triangulum,GCA_965213405.1,280486,Hymenoptera,Apocrita,Aculeata,Apoidea,Crabronidae,Philanthinae
Phymatocera_aterrima,GCA_963170745.1,362106,Hymenoptera,NaN,NaN,Tenthredinoidea,Tenthredinidae,Blennocampinae
Pimpla_contemplator,GCA_964197675.1,1045619,Hymenoptera,Apocrita,NaN,Ichneumonoidea,Ichneumonidae,Pimplinae
Pimpla_rufipes,GCA_963932165.1,2184727,Hymenoptera,Apocrita,NaN,Ichneumonoidea,Ichneumonidae,Pimplinae
Plagiolepis_pygmaea,GCA_048181815.1,72798,Hymenoptera,Apocrita,Aculeata,Formicoidea,Formicidae,Formicinae
Platygaster_robiniae,GCA_028476575.1,2753657,Hymenoptera,Apocrita,Proctotrupomorpha,Platygastroidea,Platygastridae,Platygastrinae
Platythyrea_punctata,GCA_048181825.1,77147,Hymenoptera,Apocrita,Aculeata,Formicoidea,Formicidae,Ponerinae
Pogonomyrmex_californicus,GCA_050084945.1,144036,Hymenoptera,Apocrita,Aculeata,Formicoidea,Formicidae,Myrmicinae
Polytribax_perspicillator,GCA_964261855.1,2979191,Hymenoptera,Apocrita,NaN,Ichneumonoidea,Ichneumonidae,Cryptinae
Priocnemis_perturbator,GCA_963942575.1,1747324,Hymenoptera,Apocrita,Aculeata,Pompiloidea,Pompilidae,Pepsinae
Promethes_sulcator,GCA_965283325.1,662491,Hymenoptera,Apocrita,NaN,Ichneumonoidea,Ichneumonidae,Diplazontinae
Protandrena_passiflorae,GCA_047729815.1,2881344,Hymenoptera,Apocrita,Aculeata,Apoidea,Andrenidae,Panurginae
Pteromalus_puparum,GCA_012977825.3,32389,Hymenoptera,Apocrita,Proctotrupomorpha,Chalcidoidea,Pteromalidae,Pteromalinae
Ptiloglossa_arizonensis,GCA_051014685.1,3350558,Hymenoptera,Apocrita,Aculeata,Apoidea,Colletidae,Diphaglossinae
Rhimphoctona_megacephalus,GCA_963989365.1,2922074,Hymenoptera,Apocrita,NaN,Ichneumonoidea,Ichneumonidae,Campopleginae
Rhogogaster_chlorosoma,GCA_944452935.1,1385029,Hymenoptera,NaN,NaN,Tenthredinoidea,Tenthredinidae,Tenthredininae
Rhorus_exstirpatorius,GCA_963564615.1,2922075,Hymenoptera,Apocrita,NaN,Ichneumonoidea,Ichneumonidae,Ctenopelmatinae
Seladonia_tumulorum,GCA_913789895.3,115100,Hymenoptera,Apocrita,Aculeata,Apoidea,Halictidae,Halictinae
Solenopsis_invicta,GCA_016802725.1,13686,Hymenoptera,Apocrita,Aculeata,Formicoidea,Formicidae,Myrmicinae
Sphecodes_ephippius,GCA_965231285.1,1126396,Hymenoptera,Apocrita,Aculeata,Apoidea,Halictidae,Halictinae
Sphecodes_monilicornis,GCA_913789915.3,1190790,Hymenoptera,Apocrita,Aculeata,Apoidea,Halictidae,Halictinae
Stelis_phaeoptera,GCA_943735885.1,2249760,Hymenoptera,Apocrita,Aculeata,Apoidea,Megachilidae,Megachilinae
Stenichneumon_culpator,GCA_964017025.1,274346,Hymenoptera,Apocrita,NaN,Ichneumonoidea,Ichneumonidae,Ichneumoninae
Stilbops_ruficornis,GCA_965151575.1,2979192,Hymenoptera,Apocrita,NaN,Ichneumonoidea,Ichneumonidae,Stilbopinae
Sussaba_pulchella,GCA_963971145.1,662494,Hymenoptera,Apocrita,NaN,Ichneumonoidea,Ichneumonidae,Diplazontinae
Symmorphus_gracilis,GCA_965620125.1,1124894,Hymenoptera,Apocrita,Aculeata,Vespoidea,Vespidae,Eumeninae
Telenomus_remus,GCA_020615435.1,1569972,Hymenoptera,Apocrita,Proctotrupomorpha,Platygastroidea,Scelionidae,Telenominae
Temnothorax_longispinosus,GCA_030848805.2,300112,Hymenoptera,Apocrita,Aculeata,Formicoidea,Formicidae,Myrmicinae
Tenthredo_amoena,GCA_963966615.1,520940,Hymenoptera,NaN,NaN,Tenthredinoidea,Tenthredinidae,Tenthredininae
Tenthredo_distinguenda,GCA_947538915.1,1385102,Hymenoptera,NaN,NaN,Tenthredinoidea,Tenthredinidae,Tenthredininae
Tenthredo_livida,GCA_963992785.1,520905,Hymenoptera,NaN,NaN,Tenthredinoidea,Tenthredinidae,Tenthredininae
Tenthredo_mesomela,GCA_943736025.1,222778,Hymenoptera,NaN,NaN,Tenthredinoidea,Tenthredinidae,Tenthredininae
Tenthredo_notha,GCA_914767705.2,362091,Hymenoptera,NaN,NaN,Tenthredinoidea,Tenthredinidae,Tenthredininae
Tenthredo_scrophulariae,GCA_963978835.1,520932,Hymenoptera,NaN,NaN,Tenthredinoidea,Tenthredinidae,Tenthredininae
Tetramorium_atratulum,GCA_048181885.1,2212608,Hymenoptera,Apocrita,Aculeata,Formicoidea,Formicidae,Myrmicinae
Tetramorium_bicarinatum,GCA_928718305.1,219812,Hymenoptera,Apocrita,Aculeata,Formicoidea,Formicidae,Myrmicinae
Theocolax_elegans,GCA_026168455.1,1462594,Hymenoptera,Apocrita,Proctotrupomorpha,Chalcidoidea,Pteromalidae,Cerocephalinae
Tiphia_femorata,GCA_944319695.1,330862,Hymenoptera,Apocrita,Aculeata,Tiphioidea,Tiphiidae,Tiphiinae
Torymus_aiolomorphi,GCA_036365515.1,3076520,Hymenoptera,Apocrita,Proctotrupomorpha,Chalcidoidea,Torymidae,Toryminae
Trichogramma_chilonis,GCA_045269175.1,53598,Hymenoptera,Apocrita,Proctotrupomorpha,Chalcidoidea,Trichogrammatidae,NaN
Trichogramma_dendrolimi,GCA_049308575.1,114056,Hymenoptera,Apocrita,Proctotrupomorpha,Chalcidoidea,Trichogrammatidae,NaN
Trichopria_drosophilae,GCA_030407085.1,1507179,Hymenoptera,Apocrita,Proctotrupomorpha,Diaprioidea,Diapriidae,Diapriinae
Tromatobia_lineatoria,GCA_949699805.1,2776060,Hymenoptera,Apocrita,NaN,Ichneumonoidea,Ichneumonidae,Pimplinae
Trypoxylon_attenuatum,GCA_963989405.1,1889570,Hymenoptera,Apocrita,Aculeata,Apoidea,Crabronidae,Crabroninae
Trypoxylon_clavicerum,GCA_965263705.1,1124896,Hymenoptera,Apocrita,Aculeata,Apoidea,Crabronidae,Crabroninae
Venturia_canescens,GCA_019457755.1,32260,Hymenoptera,Apocrita,NaN,Ichneumonoidea,Ichneumonidae,Campopleginae
Vespa_crabro,GCA_910589235.2,7445,Hymenoptera,Apocrita,Aculeata,Vespoidea,Vespidae,Vespinae
Vespa_velutina,GCA_912470025.1,202808,Hymenoptera,Apocrita,Aculeata,Vespoidea,Vespidae,Vespinae
Vespula_germanica,GCA_905340365.1,30212,Hymenoptera,Apocrita,Aculeata,Vespoidea,Vespidae,Vespinae
Vespula_pensylvanica,GCA_014466175.1,30213,Hymenoptera,Apocrita,Aculeata,Vespoidea,Vespidae,Vespinae
Vespula_vulgaris,GCA_905475345.1,7454,Hymenoptera,Apocrita,Aculeata,Vespoidea,Vespidae,Vespinae
Vulgichneumon_bimaculatus,GCA_965234825.1,2998551,Hymenoptera,Apocrita,NaN,Ichneumonoidea,Ichneumonidae,Ichneumoninae
Xiphydria_camelus,GCA_963678675.1,871386,Hymenoptera,NaN,NaN,Xiphydrioidea,Xiphydriidae,NaN
Xylocopa_dejeanii,GCA_049004755.1,521057,Hymenoptera,Apocrita,Aculeata,Apoidea,Apidae,Xylocopinae
Xylocopa_sonorina,GCA_050948175.1,1818115,Hymenoptera,Apocrita,Aculeata,Apoidea,Apidae,Xylocopinae
Zele_albiditarsus,GCA_958496275.1,1080930,Hymenoptera,Apocrita,NaN,Ichneumonoidea,Braconidae,Zeleinae